{"cameraMode":{"drawMode":0,"name":"Shaded","section":"Shading Mode"},"sceneLighting":false,"audioPlay":false,"sceneViewState":{"showFog":true,"showMaterialUpdate":false,"showSkybox":false,"showFlares":true,"showImageEffects":true,"showParticleSystems":true},"in2DMode":false,"pivot":{"x":-3.8894903659820558,"y":5.069551467895508,"z":-9.609501838684082},"rotation":{"x":-0.0014932366320863367,"y":0.07848948985338211,"z":0.00014937433297745883,"w":0.9969602823257446},"size":1.8571584224700928,"orthographic":false}