{"cameraMode":{"drawMode":0,"name":"Shaded","section":"Shading Mode"},"sceneLighting":true,"audioPlay":false,"sceneViewState":{"showFog":true,"showMaterialUpdate":false,"showSkybox":true,"showFlares":true,"showImageEffects":true,"showParticleSystems":true},"in2DMode":false,"pivot":{"x":1.1150002479553223,"y":-12.654448509216309,"z":7.735980033874512},"rotation":{"x":0.5147227048873901,"y":0.0754881203174591,"z":-0.045813560485839847,"w":0.8529098629951477},"size":28.460935592651368,"orthographic":false}